{
    "twitter_personalAccount" : {
        "consumer_key": "l1IzK7dSahG10yQwKORAmdf4L",
        "consumer_secret": "i68jPFE6yCr9Vu257N2NscRsCQ0qi1jTezEhu909mLh88rl5zl",
        "access_token": "3256462675-cPML2Gyji5bqvi7pIy6vdVxhTEMzbaVNIHLK8KY",
        "access_token_secret": "2sF6iUvd0wjRKSwMtTefWN1wyzUBJEF52Pe45gr3YXRTV"
    },
    "twitter_officialAccount" : {
        "consumer_key": "l1IzK7dSahG10yQwKORAmdf4L",
        "consumer_secret": "i68jPFE6yCr9Vu257N2NscRsCQ0qi1jTezEhu909mLh88rl5zl",
        "access_token": "3256462675-cPML2Gyji5bqvi7pIy6vdVxhTEMzbaVNIHLK8KY",
        "access_token_secret": "2sF6iUvd0wjRKSwMtTefWN1wyzUBJEF52Pe45gr3YXRTV"
    }
}